team_code,team_name,team_gender
ARCMTEAM3---CHN01,People's Republic of China,M
ARCMTEAM3---COL01,Colombia,M
ARCMTEAM3---FRA01,France,M
ARCMTEAM3---GBR01,Great Britain,M
ARCMTEAM3---IND01,India,M
ARCMTEAM3---ITA01,Italy,M
ARCMTEAM3---JPN01,Japan,M
ARCMTEAM3---KAZ01,Kazakhstan,M
ARCMTEAM3---KOR01,Republic of Korea,M
ARCMTEAM3---MEX01,Mexico,M
ARCMTEAM3---TPE01,Chinese Taipei,M
ARCMTEAM3---TUR01,Türkiye,M
ARCWTEAM3---CHN01,People's Republic of China,W
ARCWTEAM3---FRA01,France,W
ARCWTEAM3---GBR01,Great Britain,W
ARCWTEAM3---GER01,Germany,W
ARCWTEAM3---INA01,Indonesia,W
ARCWTEAM3---IND01,India,W
ARCWTEAM3---KOR01,Republic of Korea,W
ARCWTEAM3---MAS01,Malaysia,W
ARCWTEAM3---MEX01,Mexico,W
ARCWTEAM3---NED01,Netherlands,W
ARCWTEAM3---TPE01,Chinese Taipei,W
ARCWTEAM3---USA01,United States of America,W
ARCXTEAM2---AUS01,Australia,X
ARCXTEAM2---BRA01,Brazil,X
ARCXTEAM2---CAN01,Canada,X
ARCXTEAM2---CHN01,People's Republic of China,X
ARCXTEAM2---COL01,Colombia,X
ARCXTEAM2---CZE01,Czechia,X
ARCXTEAM2---EGY01,Egypt,X
ARCXTEAM2---ESP01,Spain,X
ARCXTEAM2---FRA01,France,X
ARCXTEAM2---GBR01,Great Britain,X
ARCXTEAM2---GER01,Germany,X
ARCXTEAM2---INA01,Indonesia,X
ARCXTEAM2---IND01,India,X
ARCXTEAM2---ISR01,Israel,X
ARCXTEAM2---ITA01,Italy,X
ARCXTEAM2---JPN01,Japan,X
ARCXTEAM2---KOR01,Republic of Korea,X
ARCXTEAM2---MDA01,Republic of Moldova,X
ARCXTEAM2---MEX01,Mexico,X
ARCXTEAM2---NED01,Netherlands,X
ARCXTEAM2---SLO01,Slovenia,X
ARCXTEAM2---TPE01,Chinese Taipei,X
ARCXTEAM2---TUR01,Türkiye,X
ARCXTEAM2---UKR01,Ukraine,X
ARCXTEAM2---USA01,United States of America,X
ARCXTEAM2---UZB01,Uzbekistan,X
ARCXTEAM2---VIE01,Vietnam,X
ATHM4X100M--AUS01,Australia,M
ATHM4X100M--BRA01,Brazil,M
ATHM4X100M--CAN01,Canada,M
ATHM4X100M--CHN01,People's Republic of China,M
ATHM4X100M--FRA01,France,M
ATHM4X100M--GBR01,Great Britain,M
ATHM4X100M--GER01,Germany,M
ATHM4X100M--GHA01,Ghana,M
ATHM4X100M--ITA01,Italy,M
ATHM4X100M--JAM01,Jamaica,M
ATHM4X100M--JPN01,Japan,M
ATHM4X100M--LBR01,Liberia,M
ATHM4X100M--NED01,Netherlands,M
ATHM4X100M--NGR01,Nigeria,M
ATHM4X100M--RSA01,South Africa,M
ATHM4X100M--USA01,United States of America,M
ATHM4X400M--BEL01,Belgium,M
ATHM4X400M--BOT01,Botswana,M
ATHM4X400M--BRA01,Brazil,M
ATHM4X400M--ESP01,Spain,M
ATHM4X400M--FRA01,France,M
ATHM4X400M--GBR01,Great Britain,M
ATHM4X400M--GER01,Germany,M
ATHM4X400M--IND01,India,M
ATHM4X400M--ITA01,Italy,M
ATHM4X400M--JPN01,Japan,M
ATHM4X400M--NGR01,Nigeria,M
ATHM4X400M--POL01,Poland,M
ATHM4X400M--RSA01,South Africa,M
ATHM4X400M--TTO01,Trinidad and Tobago,M
ATHM4X400M--USA01,United States of America,M
ATHM4X400M--ZAM01,Zambia,M
ATHW4X100M--AUS01,Australia,W
ATHW4X100M--BEL01,Belgium,W
ATHW4X100M--CAN01,Canada,W
ATHW4X100M--CIV01,Côte d'Ivoire,W
ATHW4X100M--ESP01,Spain,W
ATHW4X100M--FRA01,France,W
ATHW4X100M--GBR01,Great Britain,W
ATHW4X100M--GER01,Germany,W
ATHW4X100M--ITA01,Italy,W
ATHW4X100M--JAM01,Jamaica,W
ATHW4X100M--NED01,Netherlands,W
ATHW4X100M--NGR01,Nigeria,W
ATHW4X100M--POL01,Poland,W
ATHW4X100M--SUI01,Switzerland,W
ATHW4X100M--TTO01,Trinidad and Tobago,W
ATHW4X100M--USA01,United States of America,W
ATHW4X400M--BEL01,Belgium,W
ATHW4X400M--CAN01,Canada,W
ATHW4X400M--CUB01,Cuba,W
ATHW4X400M--ESP01,Spain,W
ATHW4X400M--FRA01,France,W
ATHW4X400M--GBR01,Great Britain,W
ATHW4X400M--GER01,Germany,W
ATHW4X400M--IND01,India,W
ATHW4X400M--IRL01,Ireland,W
ATHW4X400M--ITA01,Italy,W
ATHW4X400M--JAM01,Jamaica,W
ATHW4X400M--NED01,Netherlands,W
ATHW4X400M--NOR01,Norway,W
ATHW4X400M--POL01,Poland,W
ATHW4X400M--SUI01,Switzerland,W
ATHW4X400M--USA01,United States of America,W
ATHX42KWALKTAUS01,COWLEY R / MONTAG J,X
ATHX42KWALKTAUS02,TINGAY D / HENDERSON R,X
ATHX42KWALKTBRA01,BONFIM C / LYRA V,X
ATHX42KWALKTCAN01,DUNFEE E / LUNDMAN O,X
ATHX42KWALKTCHN01,ZHANG Jun / YANG Jiayu,X
ATHX42KWALKTCHN02,HE X / QIEYANG S,X
ATHX42KWALKTCOL01,ROMERO M / ARENAS L,X
ATHX42KWALKTCOL02,HERRERA/MOJICA CHALARCA,X
ATHX42KWALKTCZE01,HLAVAC V / MARTINKOVA E,X
ATHX42KWALKTECU01,PINTADO BD / MOREJON G,X
ATHX42KWALKTESP01,LOPEZ MA / MONTESINOS C,X
ATHX42KWALKTESP02,MARTIN A / PEREZ M,X
ATHX42KWALKTFRA01,QUINION A / BERETTA C,X
ATHX42KWALKTGER01,LINKE C / FEIGE S,X
ATHX42KWALKTHUN01,VENYERCSAN B / RECSEI R,X
ATHX42KWALKTIND01,PANWAR Suraj / PRIYANKA,X
ATHX42KWALKTITA01,STANO M / PALMISANO A,X
ATHX42KWALKTJPN01,KAWANO M / OKADA K,X
ATHX42KWALKTJPN02,TAKAHASHI K / YANAI A,X
ATHX42KWALKTMEX01,PALMA OLIVARES/GONZALEZ,X
ATHX42KWALKTPER01,RODRIGUEZ/GARCIA LEON,X
ATHX42KWALKTPOL01,BEN HLIMA M / CHOJECKA O,X
ATHX42KWALKTSVK01,CERNY D / BURZALOVA H,X
ATHX42KWALKTTUR01,DEMIR M / TEKDAL A,X
ATHX42KWALKTUKR01,BANZERUK I / OLYANOVSKA L,X
ATHX4X400M--BAH01,Bahamas,X
ATHX4X400M--BEL01,Belgium,X
ATHX4X400M--DOM01,Dominican Republic,X
ATHX4X400M--FRA01,France,X
ATHX4X400M--GBR01,Great Britain,X
ATHX4X400M--GER01,Germany,X
ATHX4X400M--IRL01,Ireland,X
ATHX4X400M--ITA01,Italy,X
ATHX4X400M--JAM01,Jamaica,X
ATHX4X400M--KEN01,Kenya,X
ATHX4X400M--NED01,Netherlands,X
ATHX4X400M--NGR01,Nigeria,X
ATHX4X400M--POL01,Poland,X
ATHX4X400M--SUI01,Switzerland,X
ATHX4X400M--UKR01,Ukraine,X
ATHX4X400M--USA01,United States of America,X
BDMMDOUBLES-CAN01,DONG Adam / YAKURA Nyl,M
BDMMDOUBLES-CHN01,LIU Yu Chen / OU Xuan Yi,M
BDMMDOUBLES-CHN02,LIANG Wei Keng / WANG Chang,M
BDMMDOUBLES-CZE01,KRAL Ondrej / MENDREK Adam,M
BDMMDOUBLES-DEN01,ASTRUP Kim / RASMUSSEN Anders Skaarup,M
BDMMDOUBLES-FRA01,POPOV Christo / POPOV Toma Junior,M
BDMMDOUBLES-FRA02,CORVEE Lucas / LABAR Ronan,M
BDMMDOUBLES-GBR01,LANE Ben / VENDY Sean,M
BDMMDOUBLES-GER01,LAMSFUSS Mark / SEIDEL Marvin,M
BDMMDOUBLES-INA01,ALFIAN Fajar / ARDIANTO Muhammad Rian,M
BDMMDOUBLES-IND01,RANKIREDDY Satwiksairaj / SHETTY Chirag,M
BDMMDOUBLES-JPN01,HOKI Takuro / KOBAYASHI Yugo,M
BDMMDOUBLES-KOR01,KANG Min Hyuk / SEO Seung Jae,M
BDMMDOUBLES-MAS01,CHIA Aaron / SOH Wooi Yik,M
BDMMDOUBLES-THA01,JOMKOH Supak / KEDREN Kittinupong,M
BDMMDOUBLES-TPE01,LEE Yang / WANG Chi-Lin,M
BDMMDOUBLES-USA01,CHIU Vinson / YUAN Joshua,M
BDMWDOUBLES-AUS01,MAPASA Setyana / YU Angela,W
BDMWDOUBLES-BUL01,STOEVA Gabriela / STOEVA Stefani,W
BDMWDOUBLES-CHN01,LIU Sheng Shu / TAN Ning,W
BDMWDOUBLES-CHN02,CHEN Qing Chen / JIA Yi Fan,W
BDMWDOUBLES-DEN01,FRUERGAARD Maiken / THYGESEN Sara,W
BDMWDOUBLES-FRA01,LAMBERT Margot / TRAN Anne,W
BDMWDOUBLES-HKG01,YEUNG Nga Ting / YEUNG Pui Lam,W
BDMWDOUBLES-INA01,RAHAYU Apriyani / RAMADHANTI Siti Fadia Silva,W
BDMWDOUBLES-IND01,CRASTO Tanisha / PONNAPPA Ashwini,W
BDMWDOUBLES-JPN01,MATSUYAMA Nami / SHIDA Chiharu,W
BDMWDOUBLES-JPN02,MATSUMOTO Mayu / NAGAHARA Wakana,W
BDMWDOUBLES-KOR01,BAEK Ha Na / LEE So Hee,W
BDMWDOUBLES-KOR02,KIM So Yeong / KONG Hee Yong,W
BDMWDOUBLES-MAS01,TAN Pearly / THINAAH Muralitharan,W
BDMWDOUBLES-THA01,KITITHARAKUL Jongkolphan / PRAJONGJAI Rawinda,W
BDMWDOUBLES-USA01,XU Annie / XU Kerry,W
BDMXDOUBLES-ALG01,MAMMERI Koceila / MAMMERI Tanina Violette,X
BDMXDOUBLES-CHN01,FENG Yan Zhe / HUANG Dong Ping,X
BDMXDOUBLES-CHN02,ZHENG Si Wei / HUANG Ya Qiong,X
BDMXDOUBLES-DEN01,CHRISTIANSEN Mathias / BOEJE Alexandra,X
BDMXDOUBLES-FRA01,GICQUEL Thom / DELRUE Delphine,X
BDMXDOUBLES-HKG01,TANG Chun Man / TSE Ying Suet,X
BDMXDOUBLES-INA01,RIVALDY Rinov / MENTARI Pitha Haningtyas,X
BDMXDOUBLES-JPN01,WATANABE Yuta / HIGASHINO Arisa,X
BDMXDOUBLES-KOR01,SEO Seung Jae / CHAE Yu Jung,X
BDMXDOUBLES-KOR02,KIM Won Ho / JEONG Na Eun,X
BDMXDOUBLES-MAS01,CHEN Tang Jie / TOH Ee Wei,X
BDMXDOUBLES-NED01,TABELING Robin / PIEK Selena,X
BDMXDOUBLES-SGP01,HEE Yong Kai Terry / TAN Wei Han Jessica,X
BDMXDOUBLES-THA01,PUAVARANUKROH Dechapol / TAERATTANACHAI Sapsiree,X
BDMXDOUBLES-TPE01,YE Hong Wei / LEE Chia Hsin,X
BDMXDOUBLES-USA01,CHIU Vinson / GAI Jennie,X
BK3MTEAM3---CHN01,People's Republic of China,M
BK3MTEAM3---FRA01,France,M
BK3MTEAM3---LAT01,Latvia,M
BK3MTEAM3---LTU01,Lithuania,M
BK3MTEAM3---NED01,Netherlands,M
BK3MTEAM3---POL01,Poland,M
BK3MTEAM3---SRB01,Serbia,M
BK3MTEAM3---USA01,United States of America,M
BK3WTEAM3---AUS01,Australia,W
BK3WTEAM3---AZE01,Azerbaijan,W
BK3WTEAM3---CAN01,Canada,W
BK3WTEAM3---CHN01,People's Republic of China,W
BK3WTEAM3---ESP01,Spain,W
BK3WTEAM3---FRA01,France,W
BK3WTEAM3---GER01,Germany,W
BK3WTEAM3---USA01,United States of America,W
BKBMTEAM5---AUS01,Australia,M
BKBMTEAM5---BRA01,Brazil,M
BKBMTEAM5---CAN01,Canada,M
BKBMTEAM5---ESP01,Spain,M
BKBMTEAM5---FRA01,France,M
BKBMTEAM5---GER01,Germany,M
BKBMTEAM5---GRE01,Greece,M
BKBMTEAM5---JPN01,Japan,M
BKBMTEAM5---PUR01,Puerto Rico,M
BKBMTEAM5---SRB01,Serbia,M
BKBMTEAM5---SSD01,South Sudan,M
BKBMTEAM5---USA01,United States of America,M
BKBWTEAM5---AUS01,Australia,W
BKBWTEAM5---BEL01,Belgium,W
BKBWTEAM5---CAN01,Canada,W
BKBWTEAM5---CHN01,People's Republic of China,W
BKBWTEAM5---ESP01,Spain,W
BKBWTEAM5---FRA01,France,W
BKBWTEAM5---GER01,Germany,W
BKBWTEAM5---JPN01,Japan,W
BKBWTEAM5---NGR01,Nigeria,W
BKBWTEAM5---PUR01,Puerto Rico,W
BKBWTEAM5---SRB01,Serbia,W
BKBWTEAM5---USA01,United States of America,W
CSPMC2-500M-AIN01,PETROV Zakhar / KOROVASHKOV Alexey,M
CSPMC2-500M-ANG01,ANTONIO Manuel / SANDA Benilson,M
CSPMC2-500M-BRA01,NASCIMENTO GODMANN Jacky Jamael / GUIMARAES QUEIROZ Isaquias,M
CSPMC2-500M-CHN01,LIU Hao / JI Bowen,M
CSPMC2-500M-CZE01,FUKSA Petr / FUKSA Martin,M
CSPMC2-500M-ESP01,MORENO Joan Antoni / DOMINGUEZ Diego,M
CSPMC2-500M-FRA01,LEONARD Loic / BART Adrien,M
CSPMC2-500M-GER01,KRETSCHMER Peter / HECKER Tim,M
CSPMC2-500M-HUN01,ADOLF Balazs / HAJDU Jonatan Daniel,M
CSPMC2-500M-ITA01,CASADEI Gabriele / TACCHINI Carlo,M
CSPMC2-500M-KAZ01,YEMELYANOV Sergey / KHAIDAROV Timur,M
CSPMC2-500M-NZL01,BROWN Max / CLANCY Grant,M
CSPMC2-500M-ROU01,SPRINCEAN Ilie / NUTA Oleg,M
CSPMK2-500M-AUS01,van der WESTHUYZEN Jean / GREEN Tom,M
CSPMK2-500M-CAN01,POULIN Pierre-Luc / McTAVISH Simon,M
CSPMK2-500M-CHN01,BU Tingkai / ZHANG Dong,M
CSPMK2-500M-CZE01,SPICAR Jakub / HAVEL Daniel,M
CSPMK2-500M-ESP01,AREVALO Carlos / GERMADE Rodrigo,M
CSPMK2-500M-ESP02,del RIO Adrian / COOPER Marcus,M
CSPMK2-500M-GER01,SCHOPF Jacob / LEMKE Max,M
CSPMK2-500M-GER02,RENDSCHMIDT Max / LIEBSCHER-LUCZ Tom,M
CSPMK2-500M-HUN01,NADAS Bence / TOTKA Sandor,M
CSPMK2-500M-HUN02,KOPASZ Balint / VARGA Adam,M
CSPMK2-500M-KAZ01,RAMATULLA Bekarys / TOKARNYTSKYI Sergii,M
CSPMK2-500M-LTU01,MALDONIS Mindaugas / OLIJNIK Andrej,M
CSPMK2-500M-NZL01,LEGARTH Hamish / IMRIE Kurtis,M
CSPMK2-500M-POL01,STEPUN Jakub / KORSAK Przemyslaw,M
CSPMK2-500M-POR01,RIBEIRO Joao / BAPTISTA Messias,M
CSPMK2-500M-RSA01,LOVEMORE Hamish / BIRKETT Andrew James,M
CSPMK2-500M-SRB01,DZOMBETA Andjelo / TORUBAROV Vladimir,M
CSPMK2-500M-SRB02,NOVAKOVIC Marko / DRAGOSAVLJEVIC Marko,M
CSPMK2-500M-UKR01,KUKHARYK Oleh / TRUNOV Ihor,M
CSPMK2-500M-USA01,ECKER Jonas / SMALL Aaron,M
CSPMK4-500M-AUS01,Australia,M
CSPMK4-500M-CAN01,Canada,M
CSPMK4-500M-CHN01,People's Republic of China,M
CSPMK4-500M-DEN01,Denmark,M
CSPMK4-500M-ESP01,Spain,M
CSPMK4-500M-GER01,Germany,M
CSPMK4-500M-HUN01,Hungary,M
CSPMK4-500M-LTU01,Lithuania,M
CSPMK4-500M-NZL01,New Zealand,M
CSPMK4-500M-SRB01,Serbia,M
CSPMK4-500M-UKR01,Ukraine,M
CSPWC2-500M-CAN01,MACKENZIE Sloan / VINCENT Katie,W
CSPWC2-500M-CHI01,MAILLIARD Maria Jose / GOMEZ Paula,W
CSPWC2-500M-CHN01,XU Shixiao / SUN Mengya,W
CSPWC2-500M-CUB01,CIRILO DUBOYS Yarisleidis / LOPEZ LAMADRID Yinnoly Francheska,W
CSPWC2-500M-ESP01,JACOME Antia / CORBERA Maria,W
CSPWC2-500M-FRA01,RENARD Axelle / DORANGE Eugenie,W
CSPWC2-500M-GER01,JAHN Lisa / KLIEMKE Hedi Moana,W
CSPWC2-500M-HUN01,KISS Agnes Anna / NAGY Bianka,W
CSPWC2-500M-KAZ01,BROVKOVA Mariya / ISKAKOVA Rufina,W
CSPWC2-500M-MDA01,COCIU Daniela / OLARASU Maria,W
CSPWC2-500M-NGR01,BELLO Ayomide Powei / OTUEDO Beauty Akinaere,W
CSPWC2-500M-POL01,SZCZERBINSKA Sylwia / BOROWSKA Dorota,W
CSPWC2-500M-UKR01,LUZAN Liudmyla / RYBACHOK Anastasiia,W
CSPWK2-500M-AUS01,BEERE Ella / BULL Aly,W
CSPWK2-500M-BEL01,PETERS Hermien / BROEKX Lize,W
CSPWK2-500M-CAN01,STOTT Courtney / DAVISON Natalie,W
CSPWK2-500M-CHN01,YU Shimeng / CHEN Yule,W
CSPWK2-500M-DEN01,JORGENSEN Emma Aastrand / MATTHIESEN Frederikke Hauge,W
CSPWK2-500M-ESP01,GARCIA OTERO Carolina / OUZANDE Sara,W
CSPWK2-500M-FRA01,HOSTENS Manon / PAOLETTI Vanina,W
CSPWK2-500M-GER01,PASZEK Paulina / HAKE Jule Marie,W
CSPWK2-500M-GER02,ROEHLINGS Lena / JAGSCH Pauline,W
CSPWK2-500M-HUN01,CSIPES Tamara / GAZSO Alida Dora,W
CSPWK2-500M-HUN02,PUPP Noemi / FOJT Sara,W
CSPWK2-500M-MEX01,ALANIS MORALES Karina / BRIONES FRAGOZA Beatriz,W
CSPWK2-500M-NED01,KONIJN Selma / VORSSELMAN Ruth,W
CSPWK2-500M-NOR01,VIRIK Maria / SLETSJOEE Anna Margrete,W
CSPWK2-500M-NZL01,CARRINGTON Lisa / HOSKIN Alicia,W
CSPWK2-500M-NZL02,FISHER Aimee / MATEHAERE Lucy,W
CSPWK2-500M-POL01,KLATT Martyna / WISNIEWSKA Helena,W
CSPWK2-500M-POL02,NAJA Karolina / PULAWSKA Anna,W
CSPWK2-500M-RSA01,KOCH Tiffany Amber / OLIVIER Esti,W
CSPWK2-500M-SWE01,STENSILS Linnea / WIKBERG Moa,W
CSPWK4-500M-AUS01,Australia,W
CSPWK4-500M-CAN01,Canada,W
CSPWK4-500M-CHN01,People's Republic of China,W
CSPWK4-500M-ESP01,Spain,W
CSPWK4-500M-GER01,Germany,W
CSPWK4-500M-HUN01,Hungary,W
CSPWK4-500M-NOR01,Norway,W
CSPWK4-500M-NZL01,New Zealand,W
CSPWK4-500M-POL01,Poland,W
CSPWK4-500M-SRB01,Serbia,W
CTRMMADISON-AUS01,Australia,M
CTRMMADISON-AUT01,Austria,M
CTRMMADISON-BEL01,Belgium,M
CTRMMADISON-CAN01,Canada,M
CTRMMADISON-CZE01,Czechia,M
CTRMMADISON-DEN01,Denmark,M
CTRMMADISON-ESP01,Spain,M
CTRMMADISON-FRA01,France,M
CTRMMADISON-GBR01,Great Britain,M
CTRMMADISON-GER01,Germany,M
CTRMMADISON-ITA01,Italy,M
CTRMMADISON-JPN01,Japan,M
CTRMMADISON-NED01,Netherlands,M
CTRMMADISON-NZL01,New Zealand,M
CTRMMADISON-POR01,Portugal,M
CTRMPURTEAM4AUS01,Australia,M
CTRMPURTEAM4BEL01,Belgium,M
CTRMPURTEAM4CAN01,Canada,M
CTRMPURTEAM4DEN01,Denmark,M
CTRMPURTEAM4FRA01,France,M
CTRMPURTEAM4GBR01,Great Britain,M
CTRMPURTEAM4GER01,Germany,M
CTRMPURTEAM4ITA01,Italy,M
CTRMPURTEAM4JPN01,Japan,M
CTRMPURTEAM4NZL01,New Zealand,M
CTRMSPRTEAM3AUS01,Australia,M
CTRMSPRTEAM3CAN01,Canada,M
CTRMSPRTEAM3CHN01,People's Republic of China,M
CTRMSPRTEAM3FRA01,France,M
CTRMSPRTEAM3GBR01,Great Britain,M
CTRMSPRTEAM3GER01,Germany,M
CTRMSPRTEAM3JPN01,Japan,M
CTRMSPRTEAM3NED01,Netherlands,M
CTRWMADISON-AUS01,Australia,W
CTRWMADISON-BEL01,Belgium,W
CTRWMADISON-CAN01,Canada,W
CTRWMADISON-DEN01,Denmark,W
CTRWMADISON-FRA01,France,W
CTRWMADISON-GBR01,Great Britain,W
CTRWMADISON-GER01,Germany,W
CTRWMADISON-IRL01,Ireland,W
CTRWMADISON-ITA01,Italy,W
CTRWMADISON-JPN01,Japan,W
CTRWMADISON-NED01,Netherlands,W
CTRWMADISON-NZL01,New Zealand,W
CTRWMADISON-POL01,Poland,W
CTRWMADISON-SUI01,Switzerland,W
CTRWMADISON-USA01,United States of America,W
CTRWPURTEAM4AUS01,Australia,W
CTRWPURTEAM4CAN01,Canada,W
CTRWPURTEAM4FRA01,France,W
CTRWPURTEAM4GBR01,Great Britain,W
CTRWPURTEAM4GER01,Germany,W
CTRWPURTEAM4IRL01,Ireland,W
CTRWPURTEAM4ITA01,Italy,W
CTRWPURTEAM4JPN01,Japan,W
CTRWPURTEAM4NZL01,New Zealand,W
CTRWPURTEAM4USA01,United States of America,W
CTRWSPRTEAM3CAN01,Canada,W
CTRWSPRTEAM3CHN01,People's Republic of China,W
CTRWSPRTEAM3GBR01,Great Britain,W
CTRWSPRTEAM3GER01,Germany,W
CTRWSPRTEAM3MEX01,Mexico,W
CTRWSPRTEAM3NED01,Netherlands,W
CTRWSPRTEAM3NZL01,New Zealand,W
CTRWSPRTEAM3POL01,Poland,W
DIVM10MTEAM2AUS01,Australia,M
DIVM10MTEAM2CAN01,Canada,M
DIVM10MTEAM2CHN01,People's Republic of China,M
DIVM10MTEAM2FRA01,France,M
DIVM10MTEAM2GBR01,Great Britain,M
DIVM10MTEAM2GER01,Germany,M
DIVM10MTEAM2MEX01,Mexico,M
DIVM10MTEAM2UKR01,Ukraine,M
DIVM3MTEAM2-CHN01,People's Republic of China,M
DIVM3MTEAM2-ESP01,Spain,M
DIVM3MTEAM2-FRA01,France,M
DIVM3MTEAM2-GBR01,Great Britain,M
DIVM3MTEAM2-ITA01,Italy,M
DIVM3MTEAM2-MEX01,Mexico,M
DIVM3MTEAM2-UKR01,Ukraine,M
DIVM3MTEAM2-USA01,United States of America,M
DIVW10MTEAM2CAN01,Canada,W
DIVW10MTEAM2CHN01,People's Republic of China,W
DIVW10MTEAM2FRA01,France,W
DIVW10MTEAM2GBR01,Great Britain,W
DIVW10MTEAM2MEX01,Mexico,W
DIVW10MTEAM2PRK01,Democratic People's Republic of Korea,W
DIVW10MTEAM2UKR01,Ukraine,W
DIVW10MTEAM2USA01,United States of America,W
DIVW3MTEAM2-AUS01,Australia,W
DIVW3MTEAM2-CHN01,People's Republic of China,W
DIVW3MTEAM2-FRA01,France,W
DIVW3MTEAM2-GBR01,Great Britain,W
DIVW3MTEAM2-GER01,Germany,W
DIVW3MTEAM2-ITA01,Italy,W
DIVW3MTEAM2-UKR01,Ukraine,W
DIVW3MTEAM2-USA01,United States of America,W
EQUODRESTEAMAUS01,Australia,O
EQUODRESTEAMAUT01,Austria,O
EQUODRESTEAMBEL01,Belgium,O
EQUODRESTEAMCAN01,Canada,O
EQUODRESTEAMDEN01,Denmark,O
EQUODRESTEAMESP01,Spain,O
EQUODRESTEAMFIN01,Finland,O
EQUODRESTEAMFRA01,France,O
EQUODRESTEAMGBR01,Great Britain,O
EQUODRESTEAMGER01,Germany,O
EQUODRESTEAMNED01,Netherlands,O
EQUODRESTEAMPOL01,Poland,O
EQUODRESTEAMPOR01,Portugal,O
EQUODRESTEAMSWE01,Sweden,O
EQUODRESTEAMUSA01,United States of America,O
EQUOEVENTEAMAUS01,Australia,O
EQUOEVENTEAMBEL01,Belgium,O
EQUOEVENTEAMBRA01,Brazil,O
EQUOEVENTEAMCAN01,Canada,O
EQUOEVENTEAMFRA01,France,O
EQUOEVENTEAMGBR01,Great Britain,O
EQUOEVENTEAMGER01,Germany,O
EQUOEVENTEAMIRL01,Ireland,O
EQUOEVENTEAMITA01,Italy,O
EQUOEVENTEAMJPN01,Japan,O
EQUOEVENTEAMNED01,Netherlands,O
EQUOEVENTEAMNZL01,New Zealand,O
EQUOEVENTEAMPOL01,Poland,O
EQUOEVENTEAMSUI01,Switzerland,O
EQUOEVENTEAMSWE01,Sweden,O
EQUOEVENTEAMUSA01,United States of America,O
EQUOJUMPTEAMAUS01,Australia,O
EQUOJUMPTEAMAUT01,Austria,O
EQUOJUMPTEAMBEL01,Belgium,O
EQUOJUMPTEAMBRA01,Brazil,O
EQUOJUMPTEAMCAN01,Canada,O
EQUOJUMPTEAMESP01,Spain,O
EQUOJUMPTEAMFRA01,France,O
EQUOJUMPTEAMGBR01,Great Britain,O
EQUOJUMPTEAMGER01,Germany,O
EQUOJUMPTEAMIRL01,Ireland,O
EQUOJUMPTEAMISR01,Israel,O
EQUOJUMPTEAMJPN01,Japan,O
EQUOJUMPTEAMKSA01,Saudi Arabia,O
EQUOJUMPTEAMMEX01,Mexico,O
EQUOJUMPTEAMNED01,Netherlands,O
EQUOJUMPTEAMPOL01,Poland,O
EQUOJUMPTEAMSUI01,Switzerland,O
EQUOJUMPTEAMSWE01,Sweden,O
EQUOJUMPTEAMUAE01,United Arab Emirates,O
EQUOJUMPTEAMUSA01,United States of America,O
FBLMTEAM11--ARG01,Argentina,M
FBLMTEAM11--DOM01,Dominican Republic,M
FBLMTEAM11--EGY01,Egypt,M
FBLMTEAM11--ESP01,Spain,M
FBLMTEAM11--FRA01,France,M
FBLMTEAM11--GUI01,Guinea,M
FBLMTEAM11--IRQ01,Iraq,M
FBLMTEAM11--ISR01,Israel,M
FBLMTEAM11--JPN01,Japan,M
FBLMTEAM11--MAR01,Morocco,M
FBLMTEAM11--MLI01,Mali,M
FBLMTEAM11--NZL01,New Zealand,M
FBLMTEAM11--PAR01,Paraguay,M
FBLMTEAM11--UKR01,Ukraine,M
FBLMTEAM11--USA01,United States of America,M
FBLMTEAM11--UZB01,Uzbekistan,M
FBLWTEAM11--AUS01,Australia,W
FBLWTEAM11--BRA01,Brazil,W
FBLWTEAM11--CAN01,Canada,W
FBLWTEAM11--COL01,Colombia,W
FBLWTEAM11--ESP01,Spain,W
FBLWTEAM11--FRA01,France,W
FBLWTEAM11--GER01,Germany,W
FBLWTEAM11--JPN01,Japan,W
FBLWTEAM11--NGR01,Nigeria,W
FBLWTEAM11--NZL01,New Zealand,W
FBLWTEAM11--USA01,United States of America,W
FBLWTEAM11--ZAM01,Zambia,W
FENMTEAMEPEECZE01,Czechia,M
FENMTEAMEPEEEGY01,Egypt,M
FENMTEAMEPEEFRA01,France,M
FENMTEAMEPEEHUN01,Hungary,M
FENMTEAMEPEEITA01,Italy,M
FENMTEAMEPEEJPN01,Japan,M
FENMTEAMEPEEKAZ01,Kazakhstan,M
FENMTEAMEPEEVEN01,Venezuela,M
FENMTEAMFOILCAN01,Canada,M
FENMTEAMFOILCHN01,People's Republic of China,M
FENMTEAMFOILEGY01,Egypt,M
FENMTEAMFOILFRA01,France,M
FENMTEAMFOILITA01,Italy,M
FENMTEAMFOILJPN01,Japan,M
FENMTEAMFOILPOL01,Poland,M
FENMTEAMFOILUSA01,United States of America,M
FENMTEAMSABRCAN01,Canada,M
FENMTEAMSABREGY01,Egypt,M
FENMTEAMSABRFRA01,France,M
FENMTEAMSABRHUN01,Hungary,M
FENMTEAMSABRIRI01,Islamic Republic of Iran,M
FENMTEAMSABRITA01,Italy,M
FENMTEAMSABRKOR01,Republic of Korea,M
FENMTEAMSABRUSA01,United States of America,M
FENWTEAMEPEECHN01,People's Republic of China,W
FENWTEAMEPEEEGY01,Egypt,W
FENWTEAMEPEEFRA01,France,W
FENWTEAMEPEEITA01,Italy,W
FENWTEAMEPEEKOR01,Republic of Korea,W
FENWTEAMEPEEPOL01,Poland,W
FENWTEAMEPEEUKR01,Ukraine,W
FENWTEAMEPEEUSA01,United States of America,W
FENWTEAMFOILCAN01,Canada,W
FENWTEAMFOILCHN01,People's Republic of China,W
FENWTEAMFOILEGY01,Egypt,W
FENWTEAMFOILFRA01,France,W
FENWTEAMFOILITA01,Italy,W
FENWTEAMFOILJPN01,Japan,W
FENWTEAMFOILPOL01,Poland,W
FENWTEAMFOILUSA01,United States of America,W
FENWTEAMSABRALG01,Algeria,W
FENWTEAMSABRFRA01,France,W
FENWTEAMSABRHUN01,Hungary,W
FENWTEAMSABRITA01,Italy,W
FENWTEAMSABRJPN01,Japan,W
FENWTEAMSABRKOR01,Republic of Korea,W
FENWTEAMSABRUKR01,Ukraine,W
FENWTEAMSABRUSA01,United States of America,W
GARMTEAM----CAN01,Canada,M
GARMTEAM----CHN01,People's Republic of China,M
GARMTEAM----ESP01,Spain,M
GARMTEAM----GBR01,Great Britain,M
GARMTEAM----GER01,Germany,M
GARMTEAM----ITA01,Italy,M
GARMTEAM----JPN01,Japan,M
GARMTEAM----NED01,Netherlands,M
GARMTEAM----SUI01,Switzerland,M
GARMTEAM----TUR01,Türkiye,M
GARMTEAM----UKR01,Ukraine,M
GARMTEAM----USA01,United States of America,M
GARWTEAM----AUS01,Australia,W
GARWTEAM----BRA01,Brazil,W
GARWTEAM----CAN01,Canada,W
GARWTEAM----CHN01,People's Republic of China,W
GARWTEAM----FRA01,France,W
GARWTEAM----GBR01,Great Britain,W
GARWTEAM----ITA01,Italy,W
GARWTEAM----JPN01,Japan,W
GARWTEAM----KOR01,Republic of Korea,W
GARWTEAM----NED01,Netherlands,W
GARWTEAM----ROU01,Romania,W
GARWTEAM----USA01,United States of America,W
GRYW5AA-----AUS01,Australia,W
GRYW5AA-----AZE01,Azerbaijan,W
GRYW5AA-----BRA01,Brazil,W
GRYW5AA-----BUL01,Bulgaria,W
GRYW5AA-----CHN01,People's Republic of China,W
GRYW5AA-----EGY01,Egypt,W
GRYW5AA-----ESP01,Spain,W
GRYW5AA-----FRA01,France,W
GRYW5AA-----GER01,Germany,W
GRYW5AA-----ISR01,Israel,W
GRYW5AA-----ITA01,Italy,W
GRYW5AA-----MEX01,Mexico,W
GRYW5AA-----UKR01,Ukraine,W
GRYW5AA-----UZB01,Uzbekistan,W
HBLMTEAM7---ARG01,Argentina,M
HBLMTEAM7---CRO01,Croatia,M
HBLMTEAM7---DEN01,Denmark,M
HBLMTEAM7---EGY01,Egypt,M
HBLMTEAM7---ESP01,Spain,M
HBLMTEAM7---FRA01,France,M
HBLMTEAM7---GER01,Germany,M
HBLMTEAM7---HUN01,Hungary,M
HBLMTEAM7---JPN01,Japan,M
HBLMTEAM7---NOR01,Norway,M
HBLMTEAM7---SLO01,Slovenia,M
HBLMTEAM7---SWE01,Sweden,M
HBLWTEAM7---ANG01,Angola,W
HBLWTEAM7---BRA01,Brazil,W
HBLWTEAM7---DEN01,Denmark,W
HBLWTEAM7---ESP01,Spain,W
HBLWTEAM7---FRA01,France,W
HBLWTEAM7---GER01,Germany,W
HBLWTEAM7---HUN01,Hungary,W
HBLWTEAM7---KOR01,Republic of Korea,W
HBLWTEAM7---NED01,Netherlands,W
HBLWTEAM7---NOR01,Norway,W
HBLWTEAM7---SLO01,Slovenia,W
HBLWTEAM7---SWE01,Sweden,W
HOCMTEAM11--ARG01,Argentina,M
HOCMTEAM11--AUS01,Australia,M
HOCMTEAM11--BEL01,Belgium,M
HOCMTEAM11--ESP01,Spain,M
HOCMTEAM11--FRA01,France,M
HOCMTEAM11--GBR01,Great Britain,M
HOCMTEAM11--GER01,Germany,M
HOCMTEAM11--IND01,India,M
HOCMTEAM11--IRL01,Ireland,M
HOCMTEAM11--NED01,Netherlands,M
HOCMTEAM11--NZL01,New Zealand,M
HOCMTEAM11--RSA01,South Africa,M
HOCWTEAM11--ARG01,Argentina,W
HOCWTEAM11--AUS01,Australia,W
HOCWTEAM11--BEL01,Belgium,W
HOCWTEAM11--CHN01,People's Republic of China,W
HOCWTEAM11--ESP01,Spain,W
HOCWTEAM11--FRA01,France,W
HOCWTEAM11--GBR01,Great Britain,W
HOCWTEAM11--GER01,Germany,W
HOCWTEAM11--JPN01,Japan,W
HOCWTEAM11--NED01,Netherlands,W
HOCWTEAM11--RSA01,South Africa,W
HOCWTEAM11--USA01,United States of America,W
JUDXTEAM6---AUT01,Austria,X
JUDXTEAM6---BRA01,Brazil,X
JUDXTEAM6---CAN01,Canada,X
JUDXTEAM6---EOR01,Refugee Olympic Team,X
JUDXTEAM6---ESP01,Spain,X
JUDXTEAM6---FRA01,France,X
JUDXTEAM6---GEO01,Georgia,X
JUDXTEAM6---GER01,Germany,X
JUDXTEAM6---HUN01,Hungary,X
JUDXTEAM6---ISR01,Israel,X
JUDXTEAM6---ITA01,Italy,X
JUDXTEAM6---JPN01,Japan,X
JUDXTEAM6---KAZ01,Kazakhstan,X
JUDXTEAM6---KOR01,Republic of Korea,X
JUDXTEAM6---MGL01,Mongolia,X
JUDXTEAM6---NED01,Netherlands,X
JUDXTEAM6---SRB01,Serbia,X
JUDXTEAM6---TUR01,Türkiye,X
JUDXTEAM6---UZB01,Uzbekistan,X
ROWMCOXED8--AUS01,Australia,M
ROWMCOXED8--GBR01,Great Britain,M
ROWMCOXED8--GER01,Germany,M
ROWMCOXED8--ITA01,Italy,M
ROWMCOXED8--NED01,Netherlands,M
ROWMCOXED8--ROU01,Romania,M
ROWMCOXED8--USA01,United States of America,M
ROWMNOCOX2--AUS01,Australia,M
ROWMNOCOX2--CRO01,Croatia,M
ROWMNOCOX2--ESP01,Spain,M
ROWMNOCOX2--GBR01,Great Britain,M
ROWMNOCOX2--GER01,Germany,M
ROWMNOCOX2--IRL01,Ireland,M
ROWMNOCOX2--ITA01,Italy,M
ROWMNOCOX2--LTU01,Lithuania,M
ROWMNOCOX2--NZL01,New Zealand,M
ROWMNOCOX2--ROU01,Romania,M
ROWMNOCOX2--RSA01,South Africa,M
ROWMNOCOX2--SUI01,Switzerland,M
ROWMNOCOX2--USA01,United States of America,M
ROWMNOCOX4--AUS01,Australia,M
ROWMNOCOX4--FRA01,France,M
ROWMNOCOX4--GBR01,Great Britain,M
ROWMNOCOX4--ITA01,Italy,M
ROWMNOCOX4--NED01,Netherlands,M
ROWMNOCOX4--NZL01,New Zealand,M
ROWMNOCOX4--ROU01,Romania,M
ROWMNOCOX4--SUI01,Switzerland,M
ROWMNOCOX4--USA01,United States of America,M
ROWMSCULL2--CHN01,People's Republic of China,M
ROWMSCULL2--CRO01,Croatia,M
ROWMSCULL2--ESP01,Spain,M
ROWMSCULL2--FRA01,France,M
ROWMSCULL2--GER01,Germany,M
ROWMSCULL2--IRL01,Ireland,M
ROWMSCULL2--ITA01,Italy,M
ROWMSCULL2-LARG01,Argentina,M
ROWMSCULL2-LBEL01,Belgium,M
ROWMSCULL2-LCHI01,Chile,M
ROWMSCULL2-LCZE01,Czechia,M
ROWMSCULL2-LEGY01,Egypt,M
ROWMSCULL2-LESP01,Spain,M
ROWMSCULL2-LFRA01,France,M
ROWMSCULL2-LGRE01,Greece,M
ROWMSCULL2-LIRL01,Ireland,M
ROWMSCULL2-LITA01,Italy,M
ROWMSCULL2-LJPN01,Japan,M
ROWMSCULL2-LMEX01,Mexico,M
ROWMSCULL2-LNOR01,Norway,M
ROWMSCULL2-LSUI01,Switzerland,M
ROWMSCULL2-LUKR01,Ukraine,M
ROWMSCULL2-LUZB01,Uzbekistan,M
ROWMSCULL2--NED01,Netherlands,M
ROWMSCULL2--NOR01,Norway,M
ROWMSCULL2--NZL01,New Zealand,M
ROWMSCULL2--ROU01,Romania,M
ROWMSCULL2--SRB01,Serbia,M
ROWMSCULL2--USA01,United States of America,M
ROWMSCULL4--EST01,Estonia,M
ROWMSCULL4--GBR01,Great Britain,M
ROWMSCULL4--GER01,Germany,M
ROWMSCULL4--ITA01,Italy,M
ROWMSCULL4--NED01,Netherlands,M
ROWMSCULL4--NOR01,Norway,M
ROWMSCULL4--POL01,Poland,M
ROWMSCULL4--ROU01,Romania,M
ROWMSCULL4--SUI01,Switzerland,M
ROWWCOXED8--AUS01,Australia,W
ROWWCOXED8--CAN01,Canada,W
ROWWCOXED8--DEN01,Denmark,W
ROWWCOXED8--GBR01,Great Britain,W
ROWWCOXED8--ITA01,Italy,W
ROWWCOXED8--ROU01,Romania,W
ROWWCOXED8--USA01,United States of America,W
ROWWNOCOX2--AUS01,Australia,W
ROWWNOCOX2--CHI01,Chile,W
ROWWNOCOX2--CZE01,Czechia,W
ROWWNOCOX2--DEN01,Denmark,W
ROWWNOCOX2--ESP01,Spain,W
ROWWNOCOX2--GBR01,Great Britain,W
ROWWNOCOX2--GRE01,Greece,W
ROWWNOCOX2--IRL01,Ireland,W
ROWWNOCOX2--LTU01,Lithuania,W
ROWWNOCOX2--NED01,Netherlands,W
ROWWNOCOX2--NZL01,New Zealand,W
ROWWNOCOX2--ROU01,Romania,W
ROWWNOCOX2--USA01,United States of America,W
ROWWNOCOX4--AUS01,Australia,W
ROWWNOCOX4--CHN01,People's Republic of China,W
ROWWNOCOX4--DEN01,Denmark,W
ROWWNOCOX4--GBR01,Great Britain,W
ROWWNOCOX4--IRL01,Ireland,W
ROWWNOCOX4--NED01,Netherlands,W
ROWWNOCOX4--NZL01,New Zealand,W
ROWWNOCOX4--ROU01,Romania,W
ROWWNOCOX4--USA01,United States of America,W
ROWWSCULL2--AUS01,Australia,W
ROWWSCULL2--CHN01,People's Republic of China,W
ROWWSCULL2--CZE01,Czechia,W
ROWWSCULL2--FRA01,France,W
ROWWSCULL2--GBR01,Great Britain,W
ROWWSCULL2--IRL01,Ireland,W
ROWWSCULL2--ITA01,Italy,W
ROWWSCULL2-LARG01,Argentina,W
ROWWSCULL2-LAUT01,Austria,W
ROWWSCULL2-LCAN01,Canada,W
ROWWSCULL2-LCHN01,People's Republic of China,W
ROWWSCULL2-LFRA01,France,W
ROWWSCULL2-LGBR01,Great Britain,W
ROWWSCULL2-LGRE01,Greece,W
ROWWSCULL2-LIRI01,Islamic Republic of Iran,W
ROWWSCULL2-LIRL01,Ireland,W
ROWWSCULL2-LJPN01,Japan,W
ROWWSCULL2-LNZL01,New Zealand,W
ROWWSCULL2-LPER01,Peru,W
ROWWSCULL2-LPOL01,Poland,W
ROWWSCULL2-LROU01,Romania,W
ROWWSCULL2--LTU01,Lithuania,W
ROWWSCULL2-LTUN01,Tunisia,W
ROWWSCULL2-LUSA01,United States of America,W
ROWWSCULL2--NED01,Netherlands,W
ROWWSCULL2--NOR01,Norway,W
ROWWSCULL2--NZL01,New Zealand,W
ROWWSCULL2--ROU01,Romania,W
ROWWSCULL2--USA01,United States of America,W
ROWWSCULL4--AUS01,Australia,W
ROWWSCULL4--CHN01,People's Republic of China,W
ROWWSCULL4--GBR01,Great Britain,W
ROWWSCULL4--GER01,Germany,W
ROWWSCULL4--NED01,Netherlands,W
ROWWSCULL4--ROU01,Romania,W
ROWWSCULL4--SUI01,Switzerland,W
ROWWSCULL4--UKR01,Ukraine,W
ROWWSCULL4--USA01,United States of America,W
RU7MTEAM7---ARG01,Argentina,M
RU7MTEAM7---AUS01,Australia,M
RU7MTEAM7---FIJ01,Fiji,M
RU7MTEAM7---FRA01,France,M
RU7MTEAM7---IRL01,Ireland,M
RU7MTEAM7---JPN01,Japan,M
RU7MTEAM7---KEN01,Kenya,M
RU7MTEAM7---NZL01,New Zealand,M
RU7MTEAM7---RSA01,South Africa,M
RU7MTEAM7---SAM01,Samoa,M
RU7MTEAM7---URU01,Uruguay,M
RU7MTEAM7---USA01,United States of America,M
RU7WTEAM7---AUS01,Australia,W
RU7WTEAM7---BRA01,Brazil,W
RU7WTEAM7---CAN01,Canada,W
RU7WTEAM7---CHN01,People's Republic of China,W
RU7WTEAM7---FIJ01,Fiji,W
RU7WTEAM7---FRA01,France,W
RU7WTEAM7---GBR01,Great Britain,W
RU7WTEAM7---IRL01,Ireland,W
RU7WTEAM7---JPN01,Japan,W
RU7WTEAM7---NZL01,New Zealand,W
RU7WTEAM7---RSA01,South Africa,W
RU7WTEAM7---USA01,United States of America,W
SALM49ER----AUS01,COLLEY Jim / CONNOR Shaun,M
SALM49ER----AUT01,BILDSTEIN Benjamin / HUSSL David,M
SALM49ER----BEL01,LEFEBVRE Yannick / HEUNINCK Jan,M
SALM49ER----BRA01,SOFFIATTI GRAEL Marco / SIMOES Gabriel,M
SALM49ER----CAN01,JONES William / BARNES Justin,M
SALM49ER----CHN01,WEN Zaiding / LIU Tian,M
SALM49ER----CRO01,FANTELA Sime / FANTELA Mihovil,M
SALM49ER----DEN01,NYBORG Daniel / BUHL Nikolaj Hoffmann,M
SALM49ER----ESP01,BOTIN le CHEVER Diego / TRITTEL PAUL Florian,M
SALM49ER----FRA01,FISCHER Erwan / PEQUIN Clement,M
SALM49ER----GBR01,PETERS James / STERRITT Fynn,M
SALM49ER----GER01,MEGGENDORFER Jakob / SPRANGER Andreas,M
SALM49ER----HKG01,SAKAI Akira Luke / ALYSWORTH Russell Williams,M
SALM49ER----IRL01,DICKSON Robert / WADDILOVE Sean,M
SALM49ER----NED01,LAMBRIEX Bart / van de WERKEN Floris,M
SALM49ER----NZL01,McHARDIE Isaac / McKENZIE William,M
SALM49ER----POL01,BUKSAK Dominik / WIERZBICKI Szymon,M
SALM49ER----SUI01,SCHNEITER Sébastien / de PLANTA Arno,M
SALM49ER----URU01,UMPIERRE Hernan / DIZ Fernando,M
SALM49ER----USA01,BARROWS Ian Macdill / HENKEN Hans Dakota August,M
SALW49ERFX--AUS01,PRICE Olivia / HASELDINE Evie,W
SALW49ERFX--BEL01,MAENHAUT van LEMBERGE Isaura / GEURTS Anouk,W
SALW49ERFX--BRA01,SOFFIATTI GRAEL Martine / KUNZE Kahena,W
SALW49ERFX--CAN01,LEWIN-LAFRANCE Georgia / LEWIN-LAFRANCE Antonia,W
SALW49ERFX--CHN01,HU Xiaoyu / SHAN Mengyuan,W
SALW49ERFX--CZE01,BURSKA Zofia / TKADLECOVA Sara,W
SALW49ERFX--DEN01,SCHMIDT Johanne / SCHMIDT Andrea,W
SALW49ERFX--ESP01,ECHEGOYEN DOMINGUEZ Tamara / BARCELO MARTIN Paula,W
SALW49ERFX--FIN01,GRONBLOM Ronja / HOKKA Veera,W
SALW49ERFX--FRA01,STEYAERT Sarah / PICON Charline,W
SALW49ERFX--GBR01,BLACK Freya / TIDEY Saskia,W
SALW49ERFX--GER01,BERGMANN Marla / WILLE Hanna,W
SALW49ERFX--ITA01,GERMANI Jana / BERTUZZI Giorgia,W
SALW49ERFX--JPN01,TANAKA Misaki / NAGAMATSU Sera,W
SALW49ERFX--NED01,van AANHOLT Odile / DUETZ Annette,W
SALW49ERFX--NOR01,NAESS Helene / ROENNINGEN Marie,W
SALW49ERFX--NZL01,ALEH Jo / MEECH Molly,W
SALW49ERFX--POL01,MELZACKA Aleksandra / JANKOWIAK Sandra,W
SALW49ERFX--SWE01,BOBECK Vilma / NETZLER Rebecca,W
SALW49ERFX--USA01,ROBLE Stephanie Marie / SHEA Margaret Droste,W
SALX470-----ANG01,MONTINHO Matias / PAULO Manuela,X
SALX470-----AUS01,JERWOOD Nia / NICHOLAS Conor,X
SALX470-----AUT01,VADLAU Lara / MAEHR Lukas,X
SALX470-----BRA01,DUARTE HADDAD Henrique / SWAN Isabel,X
SALX470-----CHN01,XU Zangjun / LYU Yixiao,X
SALX470-----ESP01,XAMMAR HERNANDEZ Jordi / BRUGMAN CABOT Nora,X
SALX470-----FRA01,LECOINTRE Camille / MION Jeremie,X
SALX470-----GBR01,HEATHCOTE Vita / GRUBE Chris,X
SALX470-----GER01,DIESCH Simon / MARKFORT Anna,X
SALX470-----GRE01,SPANAKI Ariadni Paraskevi / SPANAKIS Odysseas Emmanouil,X
SALX470-----ISR01,HASSON Nitai / LASRY Noa,X
SALX470-----ITA01,BERTA Elena / FESTO Bruno,X
SALX470-----JPN01,OKADA Keiju / YOSHIOKA Miho,X
SALX470-----POR01,VAZ de BACELAR da FONSECA Diogo Eu. / ALVES da SILVA JOÃO Carolina Maria,X
SALX470-----SLO01,MRAK Tina / BOZIC Jakob,X
SALX470-----SUI01,MERMOD Yves / SIEGENTHALER Maja,X
SALX470-----SWE01,DAHLBERG Anton / KARLSSON Lovisa,X
SALX470-----TUR01,CINAR Deniz / NALBANTOGLU Lara,X
SALX470-----USA01,Mc NAY Stuart Pfeiffer / DALLMAN WEISS Lara Anne,X
SALXNACRA17-ARG01,MAJDALANI Mateo / BOSCO Eugenia,X
SALXNACRA17-AUS01,LIDDELL Brin / BROWN Rhiannan,X
SALXNACRA17-AUT01,HABERL Lukas / FRANK Tanja,X
SALXNACRA17-BEL01,CLAEYSSENS Lucas / VERSTRAELEN Eline,X
SALXNACRA17-BRA01,SIEMSEN Joao / ARNDT Marina,X
SALXNACRA17-CHN01,MAI Huicong / CHEN Linlin,X
SALXNACRA17-DEN01,SAOUMA-PEDERSEN Natacha / BRUUN Mathias,X
SALXNACRA17-ESP01,PACHECO van RIJNSOEVER Tara / BARRIO GARCIA Andres,X
SALXNACRA17-FIN01,KURTBAY Sinem / KESKINEN Akseli,X
SALXNACRA17-FRA01,MOURNIAC Tim / BERTHOMIEU Lou,X
SALXNACRA17-GBR01,GIMSON John / BURNET Anna,X
SALXNACRA17-GER01,KOHLHOFF Paul / STUHLEMMER Alica,X
SALXNACRA17-ITA01,TITA Ruggero / BANTI Caterina,X
SALXNACRA17-JPN01,IITSUKA Shibuki /  NISHIDA CAPIGLIA Oura,X
SALXNACRA17-NED01,van der MEER Laila / BOUWER Bjarne,X
SALXNACRA17-NZL01,WILKINSON Micah James / DAWSON Erica Linda,X
SALXNACRA17-SWE01,JARUDD Emil / JONSSON Hanna,X
SALXNACRA17-TUR01,KAYNAR Alican / KAYNAKCI Beste,X
SALXNACRA17-USA01,NEWBERRY Sarah Lauren / LIEBENBERG David Wade,X
SHOXAPMT----BUL01,Bulgaria,X
SHOXAPMT----CHN01,People's Republic of China 1,X
SHOXAPMT----CHN02,People's Republic of China 2,X
SHOXAPMT----FRA01,France,X
SHOXAPMT----GER01,Germany 1,X
SHOXAPMT----GER02,Germany 2,X
SHOXAPMT----IND01,India 1,X
SHOXAPMT----IND02,India 2,X
SHOXAPMT----KAZ01,Kazakhstan,X
SHOXAPMT----KOR01,Republic of Korea 1,X
SHOXAPMT----KOR02,Republic of Korea 2,X
SHOXAPMT----LAT01,Latvia,X
SHOXAPMT----PAK01,Pakistan,X
SHOXAPMT----SRB01,Serbia,X
SHOXAPMT----TUR01,Türkiye 1,X
SHOXAPMT----TUR02,Türkiye 2,X
SHOXAPMT----UKR01,Ukraine,X
SHOXARMT----ALG01,Algeria,X
SHOXARMT----ARG01,Argentina,X
SHOXARMT----AUT01,Austria,X
SHOXARMT----CHN01,People's Republic of China 1,X
SHOXARMT----CHN02,People's Republic of China 2,X
SHOXARMT----CZE01,Czechia,X
SHOXARMT----EGY01,Egypt 1,X
SHOXARMT----EGY02,Egypt 2,X
SHOXARMT----FRA01,France 1,X
SHOXARMT----FRA02,France 2,X
SHOXARMT----GBR01,Great Britain,X
SHOXARMT----GER01,Germany,X
SHOXARMT----HUN01,Hungary,X
SHOXARMT----IND01,India 1,X
SHOXARMT----IND02,India 2,X
SHOXARMT----ITA01,Italy,X
SHOXARMT----JPN01,Japan,X
SHOXARMT----KAZ01,Kazakhstan 1,X
SHOXARMT----KAZ02,Kazakhstan 2,X
SHOXARMT----KOR01,Republic of Korea 1,X
SHOXARMT----KOR02,Republic of Korea 2,X
SHOXARMT----MEX01,Mexico,X
SHOXARMT----MGL01,Mongolia,X
SHOXARMT----NOR01,Norway 1,X
SHOXARMT----NOR02,Norway 2,X
SHOXARMT----POL01,Poland 1,X
SHOXARMT----POL02,Poland 2,X
SHOXARMT----USA01,United States of America 1,X
SHOXARMT----USA02,United States of America 2,X
SHOXSKMT----AUS01,Australia,X
SHOXSKMT----CHN01,People's Republic of China,X
SHOXSKMT----CZE01,Czechia,X
SHOXSKMT----EGY01,Egypt,X
SHOXSKMT----FRA01,France,X
SHOXSKMT----GER01,Germany,X
SHOXSKMT----GRE01,Greece,X
SHOXSKMT----IND01,India,X
SHOXSKMT----ITA01,Italy 1,X
SHOXSKMT----ITA02,Italy 2,X
SHOXSKMT----KAZ01,Kazakhstan,X
SHOXSKMT----KOR01,Republic of Korea,X
SHOXSKMT----PER01,Peru,X
SHOXSKMT----SWE01,Sweden,X
SHOXSKMT----USA01,United States of America 1,X
SHOXSKMT----USA02,United States of America 2,X
SWAWTEAM2---AUS01,Australia,W
SWAWTEAM2---AUT01,Austria,W
SWAWTEAM2---CAN01,Canada,W
SWAWTEAM2---CHN01,People's Republic of China,W
SWAWTEAM2---EGY01,Egypt,W
SWAWTEAM2---ESP01,Spain,W
SWAWTEAM2---FRA01,France,W
SWAWTEAM2---GBR01,Great Britain,W
SWAWTEAM2---GRE01,Greece,W
SWAWTEAM2---ISR01,Israel,W
SWAWTEAM2---ITA01,Italy,W
SWAWTEAM2---JPN01,Japan,W
SWAWTEAM2---KOR01,Republic of Korea,W
SWAWTEAM2---MEX01,Mexico,W
SWAWTEAM2---NED01,Netherlands,W
SWAWTEAM2---NZL01,New Zealand,W
SWAWTEAM2---UKR01,Ukraine,W
SWAWTEAM2---USA01,United States of America,W
SWAWTEAM8---AUS01,Australia,O
SWAWTEAM8---CAN01,Canada,O
SWAWTEAM8---CHN01,People's Republic of China,O
SWAWTEAM8---EGY01,Egypt,O
SWAWTEAM8---ESP01,Spain,O
SWAWTEAM8---FRA01,France,O
SWAWTEAM8---ITA01,Italy,O
SWAWTEAM8---JPN01,Japan,O
SWAWTEAM8---MEX01,Mexico,O
SWAWTEAM8---USA01,United States of America,O
SWMM4X100MFRAUS01,Australia,M
SWMM4X100MFRBRA01,Brazil,M
SWMM4X100MFRCAN01,Canada,M
SWMM4X100MFRCHN01,People's Republic of China,M
SWMM4X100MFRESP01,Spain,M
SWMM4X100MFRFRA01,France,M
SWMM4X100MFRGBR01,Great Britain,M
SWMM4X100MFRGER01,Germany,M
SWMM4X100MFRGRE01,Greece,M
SWMM4X100MFRHUN01,Hungary,M
SWMM4X100MFRISR01,Israel,M
SWMM4X100MFRITA01,Italy,M
SWMM4X100MFRPOL01,Poland,M
SWMM4X100MFRSRB01,Serbia,M
SWMM4X100MFRSWE01,Sweden,M
SWMM4X100MFRUSA01,United States of America,M
SWMM4X100MMDAUS01,Australia,M
SWMM4X100MMDAUT01,Austria,M
SWMM4X100MMDCAN01,Canada,M
SWMM4X100MMDCHN01,People's Republic of China,M
SWMM4X100MMDESP01,Spain,M
SWMM4X100MMDFRA01,France,M
SWMM4X100MMDGBR01,Great Britain,M
SWMM4X100MMDGER01,Germany,M
SWMM4X100MMDIRL01,Ireland,M
SWMM4X100MMDITA01,Italy,M
SWMM4X100MMDJPN01,Japan,M
SWMM4X100MMDKOR01,Republic of Korea,M
SWMM4X100MMDNED01,Netherlands,M
SWMM4X100MMDPOL01,Poland,M
SWMM4X100MMDSUI01,Switzerland,M
SWMM4X100MMDUSA01,United States of America,M
SWMM4X200MFRAUS01,Australia,M
SWMM4X200MFRBRA01,Brazil,M
SWMM4X200MFRCAN01,Canada,M
SWMM4X200MFRCHN01,People's Republic of China,M
SWMM4X200MFRESP01,Spain,M
SWMM4X200MFRFRA01,France,M
SWMM4X200MFRGBR01,Great Britain,M
SWMM4X200MFRGER01,Germany,M
SWMM4X200MFRGRE01,Greece,M
SWMM4X200MFRISR01,Israel,M
SWMM4X200MFRITA01,Italy,M
SWMM4X200MFRJPN01,Japan,M
SWMM4X200MFRKOR01,Republic of Korea,M
SWMM4X200MFRLTU01,Lithuania,M
SWMM4X200MFRSUI01,Switzerland,M
SWMM4X200MFRUSA01,United States of America,M
SWMW4X100MFRAUS01,Australia,W
SWMW4X100MFRBRA01,Brazil,W
SWMW4X100MFRCAN01,Canada,W
SWMW4X100MFRCHN01,People's Republic of China,W
SWMW4X100MFRDEN01,Denmark,W
SWMW4X100MFRFRA01,France,W
SWMW4X100MFRGBR01,Great Britain,W
SWMW4X100MFRHKG01,"Hong Kong, China",W
SWMW4X100MFRHUN01,Hungary,W
SWMW4X100MFRIRL01,Ireland,W
SWMW4X100MFRITA01,Italy,W
SWMW4X100MFRNED01,Netherlands,W
SWMW4X100MFRPOL01,Poland,W
SWMW4X100MFRSLO01,Slovenia,W
SWMW4X100MFRSWE01,Sweden,W
SWMW4X100MFRUSA01,United States of America,W
SWMW4X100MMDAUS01,Australia,W
SWMW4X100MMDCAN01,Canada,W
SWMW4X100MMDCHN01,People's Republic of China,W
SWMW4X100MMDDEN01,Denmark,W
SWMW4X100MMDFRA01,France,W
SWMW4X100MMDGBR01,Great Britain,W
SWMW4X100MMDGER01,Germany,W
SWMW4X100MMDHKG01,"Hong Kong, China",W
SWMW4X100MMDIRL01,Ireland,W
SWMW4X100MMDITA01,Italy,W
SWMW4X100MMDJPN01,Japan,W
SWMW4X100MMDNED01,Netherlands,W
SWMW4X100MMDPOL01,Poland,W
SWMW4X100MMDSGP01,Singapore,W
SWMW4X100MMDSWE01,Sweden,W
SWMW4X100MMDUSA01,United States of America,W
SWMW4X200MFRAUS01,Australia,W
SWMW4X200MFRBRA01,Brazil,W
SWMW4X200MFRCAN01,Canada,W
SWMW4X200MFRCHN01,People's Republic of China,W
SWMW4X200MFRESP01,Spain,W
SWMW4X200MFRFRA01,France,W
SWMW4X200MFRGBR01,Great Britain,W
SWMW4X200MFRGER01,Germany,W
SWMW4X200MFRHUN01,Hungary,W
SWMW4X200MFRISR01,Israel,W
SWMW4X200MFRITA01,Italy,W
SWMW4X200MFRJPN01,Japan,W
SWMW4X200MFRNED01,Netherlands,W
SWMW4X200MFRNZL01,New Zealand,W
SWMW4X200MFRTUR01,Türkiye,W
SWMW4X200MFRUSA01,United States of America,W
SWMX4X100MMDAUS01,Australia,X
SWMX4X100MMDBRA01,Brazil,X
SWMX4X100MMDCAN01,Canada,X
SWMX4X100MMDCHN01,People's Republic of China,X
SWMX4X100MMDFRA01,France,X
SWMX4X100MMDGBR01,Great Britain,X
SWMX4X100MMDGER01,Germany,X
SWMX4X100MMDGRE01,Greece,X
SWMX4X100MMDISR01,Israel,X
SWMX4X100MMDITA01,Italy,X
SWMX4X100MMDJPN01,Japan,X
SWMX4X100MMDKOR01,Republic of Korea,X
SWMX4X100MMDNED01,Netherlands,X
SWMX4X100MMDPOL01,Poland,X
SWMX4X100MMDSWE01,Sweden,X
SWMX4X100MMDUSA01,United States of America,X
TENMDOUBLES-AIN01,Medvedev / Safiullin,M
TENMDOUBLES-ARG01,Gonzalez / Molteni,M
TENMDOUBLES-ARG02,Etcheverry / Navone,M
TENMDOUBLES-AUS01,Popyrin / de Minaur,M
TENMDOUBLES-AUS02,Ebden / Peers,M
TENMDOUBLES-BEL01,Gille / Vliegen,M
TENMDOUBLES-BRA01,Monteiro / Seyboth Wild,M
TENMDOUBLES-CAN01,Auger-Aliassime / Raonic,M
TENMDOUBLES-CHI01,Jarry / Tabilo,M
TENMDOUBLES-CRO01,Mektic / Pavic,M
TENMDOUBLES-CZE01,Machac / Pavlasek,M
TENMDOUBLES-ESP01,Alcaraz / Nadal,M
TENMDOUBLES-ESP02,Carreno Busta / Granollers,M
TENMDOUBLES-FRA01,Monfils / Roger-Vasselin,M
TENMDOUBLES-FRA02,Fils / Humbert,M
TENMDOUBLES-GBR01,Salisbury / Skupski,M
TENMDOUBLES-GBR02,Evans / Murray,M
TENMDOUBLES-GER01,Krawietz / Puetz,M
TENMDOUBLES-GER02,Koepfer / Struff,M
TENMDOUBLES-GRE01,Tsitsipas / Tsitsipas,M
TENMDOUBLES-HUN01,Fucsovics / Marozsan,M
TENMDOUBLES-IND01,Balaji / Bopanna,M
TENMDOUBLES-ITA01,Darderi / Musetti,M
TENMDOUBLES-ITA02,Bolelli / Vavassori,M
TENMDOUBLES-JPN01,Daniel / Nishikori,M
TENMDOUBLES-KAZ01,Bublik / Nedovyesov,M
TENMDOUBLES-LBN01,Habib / Hassan,M
TENMDOUBLES-NED01,Griekspoor / Koolhof,M
TENMDOUBLES-NED02,Haase / Rojer,M
TENMDOUBLES-POL01,Hurkacz / Zielinski,M
TENMDOUBLES-POR01,Borges / Cabral,M
TENMDOUBLES-USA01,Fritz / Paul,M
TENMDOUBLES-USA02,Krajicek / Ram,M
TENWDOUBLES-AIN01,Alexandrova / Vesnina,W
TENWDOUBLES-AIN02,Andreeva / Shnaider,W
TENWDOUBLES-ARG01,Carle / Podoroska,W
TENWDOUBLES-AUS01,Perez / Saville,W
TENWDOUBLES-AUS02,Gadecki / Tomljanovic,W
TENWDOUBLES-BRA01,Haddad Maia / Stefani,W
TENWDOUBLES-CAN01,Dabrowski / Fernandez,W
TENWDOUBLES-CHN01,Yuan / Zhang,W
TENWDOUBLES-CHN02,Wang / Zheng,W
TENWDOUBLES-CZE01,Muchova / Noskova,W
TENWDOUBLES-CZE02,Krejcikova / Siniakova,W
TENWDOUBLES-ESP01,Bucsa / Sorribes Tormo,W
TENWDOUBLES-FRA01,Garcia / Parry,W
TENWDOUBLES-FRA02,Burel / Gracheva,W
TENWDOUBLES-GBR01,Boulter / Watson,W
TENWDOUBLES-GER01,Kerber / Siegemund,W
TENWDOUBLES-GER02,Korpatsch / Maria,W
TENWDOUBLES-GRE01,Papamichail / Sakkari,W
TENWDOUBLES-ITA01,Errani / Paolini,W
TENWDOUBLES-ITA02,Bronzetti / Cocciaretto,W
TENWDOUBLES-JPN01,Aoyama / Shibahara,W
TENWDOUBLES-NED01,Rus / Schuurs,W
TENWDOUBLES-NZL01,Routliffe / Sun,W
TENWDOUBLES-POL01,Linette / Rosolska,W
TENWDOUBLES-ROU01,Begu / Niculescu,W
TENWDOUBLES-ROU02,Bogdan / Cristian,W
TENWDOUBLES-TPE01,Hsieh / Tsao,W
TENWDOUBLES-TPE02,Chan / Chan,W
TENWDOUBLES-UKR01,Kostyuk / Yastremska,W
TENWDOUBLES-UKR02,Kichenok / Kichenok,W
TENWDOUBLES-USA01,Gauff / Pegula,W
TENWDOUBLES-USA02,Collins / Krawczyk,W
TENXDOUBLES-AIN01,Andreeva / Medvedev,X
TENXDOUBLES-ARG01,Podoroska / Gonzalez,X
TENXDOUBLES-AUS01,Perez / Ebden,X
TENXDOUBLES-BRA01,Stefani / Seyboth Wild,X
TENXDOUBLES-CAN01,Dabrowski / Auger-Aliassime,X
TENXDOUBLES-CHN01,Wang / Zhang,X
TENXDOUBLES-CRO01,Vekic / Pavic,X
TENXDOUBLES-CZE01,Siniakova / Machac,X
TENXDOUBLES-DEN01,Wozniacki / Rune,X
TENXDOUBLES-ESP01,Sorribes Tormo / Granollers,X
TENXDOUBLES-FRA01,Garcia / Roger-Vasselin,X
TENXDOUBLES-GBR01,Watson / Salisbury,X
TENXDOUBLES-GER01,Siegemund / Zverev,X
TENXDOUBLES-GRE01,Sakkari / Tsitsipas,X
TENXDOUBLES-ITA01,Errani / Vavassori,X
TENXDOUBLES-JPN01,Shibahara / Nishikori,X
TENXDOUBLES-NED01,Schuurs / Koolhof,X
TENXDOUBLES-SUI01,Golubic / Wawrinka,X
TENXDOUBLES-USA01,Gauff / Fritz,X
TRIXTEAM4---AUS01,Australia,X
TRIXTEAM4---AUT01,Austria,X
TRIXTEAM4---BEL01,Belgium,X
TRIXTEAM4---BRA01,Brazil,X
TRIXTEAM4---ESP01,Spain,X
TRIXTEAM4---FRA01,France,X
TRIXTEAM4---GBR01,Great Britain,X
TRIXTEAM4---GER01,Germany,X
TRIXTEAM4---ITA01,Italy,X
TRIXTEAM4---MEX01,Mexico,X
TRIXTEAM4---NED01,Netherlands,X
TRIXTEAM4---NOR01,Norway,X
TRIXTEAM4---NZL01,New Zealand,X
TRIXTEAM4---POR01,Portugal,X
TRIXTEAM4---SUI01,Switzerland,X
TRIXTEAM4---USA01,United States of America,X
TTEMTEAM----AUS01,Australia,M
TTEMTEAM----BRA01,Brazil,M
TTEMTEAM----CAN01,Canada,M
TTEMTEAM----CHN01,People's Republic of China,M
TTEMTEAM----CRO01,Croatia,M
TTEMTEAM----DEN01,Denmark,M
TTEMTEAM----EGY01,Egypt,M
TTEMTEAM----FRA01,France,M
TTEMTEAM----GER01,Germany,M
TTEMTEAM----IND01,India,M
TTEMTEAM----JPN01,Japan,M
TTEMTEAM----KOR01,Republic of Korea,M
TTEMTEAM----POR01,Portugal,M
TTEMTEAM----SLO01,Slovenia,M
TTEMTEAM----SWE01,Sweden,M
TTEMTEAM----TPE01,Chinese Taipei,M
TTEWTEAM----AUS01,Australia,W
TTEWTEAM----BRA01,Brazil,W
TTEWTEAM----CHN01,People's Republic of China,W
TTEWTEAM----EGY01,Egypt,W
TTEWTEAM----FRA01,France,W
TTEWTEAM----GER01,Germany,W
TTEWTEAM----HKG01,"Hong Kong, China",W
TTEWTEAM----IND01,India,W
TTEWTEAM----JPN01,Japan,W
TTEWTEAM----KOR01,Republic of Korea,W
TTEWTEAM----POL01,Poland,W
TTEWTEAM----ROU01,Romania,W
TTEWTEAM----SWE01,Sweden,W
TTEWTEAM----THA01,Thailand,W
TTEWTEAM----TPE01,Chinese Taipei,W
TTEWTEAM----USA01,United States of America,W
TTEXDOUBLES-AUS01,LUM Nicholas / JEE Minhyung,X
TTEXDOUBLES-BRA01,ISHIY Vitor / TAKAHASHI Bruna,X
TTEXDOUBLES-CHN01,WANG Chuqin / SUN Yingsha,X
TTEXDOUBLES-CUB01,CAMPOS Jorge / FONSECA Daniela,X
TTEXDOUBLES-EGY01,ASSAR Omar / MESHREF Dina,X
TTEXDOUBLES-ESP01,ROBLES Alvaro / XIAO Maria,X
TTEXDOUBLES-FRA01,LEBRUN Alexis / YUAN Jia Nan,X
TTEXDOUBLES-GER01,QIU Dang / MITTELHAM Nina,X
TTEXDOUBLES-HKG01,WONG Chun Ting / DOO Hoi Kem,X
TTEXDOUBLES-HUN01,ECSEKI Nandor / MADARASZ Dora,X
TTEXDOUBLES-JPN01,HARIMOTO Tomokazu / HAYATA Hina,X
TTEXDOUBLES-KOR01,LIM Jonghoon / SHIN Yubin,X
TTEXDOUBLES-PRK01,RI Jong Sik / KIM Kum Yong,X
TTEXDOUBLES-ROU01,IONESCU Ovidiu / SZOCS Bernadette,X
TTEXDOUBLES-SWE01,KARLSSON Kristian / KALLBERG Christina,X
TTEXDOUBLES-TPE01,LIN Yun-Ju / CHEN Szu-Yu,X
VBVMTEAM2---AUS01,Hodges/Schubert,M
VBVMTEAM2---AUS02,Nicolaidis/Carracher,M
VBVMTEAM2---AUT01,Horl/Horst,M
VBVMTEAM2---BRA01,George/Andre,M
VBVMTEAM2---BRA02,Evandro/Arthur,M
VBVMTEAM2---CAN01,Schachter/Dearing,M
VBVMTEAM2---CHI01,M.Grimalt/E.Grimalt,M
VBVMTEAM2---CUB01,Diaz/Alayo,M
VBVMTEAM2---CZE01,Perusic/Schweiner,M
VBVMTEAM2---ESP01,Herrera/Gavira,M
VBVMTEAM2---FRA01,Krou/Gauthier-Rat,M
VBVMTEAM2---FRA02,Bassereau/Lyneel,M
VBVMTEAM2---GER01,Ehlers/Wickler,M
VBVMTEAM2---ITA01,Cottafava/Nicolai,M
VBVMTEAM2---ITA02,Ranghieri/Carambula,M
VBVMTEAM2---MAR01,Abicha/Elgraoui,M
VBVMTEAM2---NED01,Boermans/de Groot,M
VBVMTEAM2---NED02,van de Velde/Immers,M
VBVMTEAM2---NOR01,Mol/Sorum,M
VBVMTEAM2---POL01,Bryl/Losiak,M
VBVMTEAM2---QAT01,Cherif/Ahmed,M
VBVMTEAM2---SWE01,Ahman/Hellvig,M
VBVMTEAM2---USA01,Partain/Benesh,M
VBVMTEAM2---USA02,Evans/Budinger,M
VBVWTEAM2---AUS01,Mariafe/Clancy,W
VBVWTEAM2---BRA01,Ana Patricia/Duda,W
VBVWTEAM2---BRA02,Carol/Barbara,W
VBVWTEAM2---CAN01,Melissa/Brandie,W
VBVWTEAM2---CAN02,Bansley/Bukovec,W
VBVWTEAM2---CHN01,Xue/X.Y.Xia,W
VBVWTEAM2---CZE01,Hermannova/Stochlova,W
VBVWTEAM2---EGY01,Marwa/D. Elghobashy,W
VBVWTEAM2---ESP01,Alvarez M/Moreno,W
VBVWTEAM2---ESP02,Liliana/Paula,W
VBVWTEAM2---FRA01,Vieira/Chamereau,W
VBVWTEAM2---FRA02,Placette/Richard,W
VBVWTEAM2---GER01,Muller/Tillmann,W
VBVWTEAM2---GER02,Ludwig/Lippmann,W
VBVWTEAM2---ITA01,Gottardi/Menegatti,W
VBVWTEAM2---JPN01,Akiko/Ishii,W
VBVWTEAM2---LAT01,Tina/Anastasija,W
VBVWTEAM2---LTU01,Paulikiene/Raupelyte,W
VBVWTEAM2---NED01,Stam/Schoon,W
VBVWTEAM2---PAR01,Poletti/Michelle,W
VBVWTEAM2---SUI01,Huberli/Brunner,W
VBVWTEAM2---SUI02,Esmee/Zoe,W
VBVWTEAM2---USA01,Nuss/Kloth,W
VBVWTEAM2---USA02,Hughes/Cheng,W
VVOMTEAM6---ARG01,Argentina,M
VVOMTEAM6---BRA01,Brazil,M
VVOMTEAM6---CAN01,Canada,M
VVOMTEAM6---EGY01,Egypt,M
VVOMTEAM6---FRA01,France,M
VVOMTEAM6---GER01,Germany,M
VVOMTEAM6---ITA01,Italy,M
VVOMTEAM6---JPN01,Japan,M
VVOMTEAM6---POL01,Poland,M
VVOMTEAM6---SLO01,Slovenia,M
VVOMTEAM6---SRB01,Serbia,M
VVOMTEAM6---USA01,United States of America,M
VVOWTEAM6---BRA01,Brazil,W
VVOWTEAM6---CHN01,People's Republic of China,W
VVOWTEAM6---DOM01,Dominican Republic,W
VVOWTEAM6---FRA01,France,W
VVOWTEAM6---ITA01,Italy,W
VVOWTEAM6---JPN01,Japan,W
VVOWTEAM6---KEN01,Kenya,W
VVOWTEAM6---NED01,Netherlands,W
VVOWTEAM6---POL01,Poland,W
VVOWTEAM6---SRB01,Serbia,W
VVOWTEAM6---TUR01,Türkiye,W
VVOWTEAM6---USA01,United States of America,W
WPOMTEAM7---AUS01,Australia,M
WPOMTEAM7---CRO01,Croatia,M
WPOMTEAM7---ESP01,Spain,M
WPOMTEAM7---FRA01,France,M
WPOMTEAM7---GRE01,Greece,M
WPOMTEAM7---HUN01,Hungary,M
WPOMTEAM7---ITA01,Italy,M
WPOMTEAM7---JPN01,Japan,M
WPOMTEAM7---MNE01,Montenegro,M
WPOMTEAM7---ROU01,Romania,M
WPOMTEAM7---SRB01,Serbia,M
WPOMTEAM7---USA01,United States of America,M
WPOWTEAM7---AUS01,Australia,W
WPOWTEAM7---CAN01,Canada,W
WPOWTEAM7---CHN01,People's Republic of China,W
WPOWTEAM7---ESP01,Spain,W
WPOWTEAM7---FRA01,France,W
WPOWTEAM7---GRE01,Greece,W
WPOWTEAM7---HUN01,Hungary,W
WPOWTEAM7---ITA01,Italy,W
WPOWTEAM7---NED01,Netherlands,W
WPOWTEAM7---USA01,United States of America,W
